{"epoch": [0, 0, 0, 0, 1, 1, 1, 1, 2, 2, 2, 2, 3, 3, 3, 3, 4, 4, 4, 4, 5, 5, 5, 5, 6, 6, 6, 6, 7, 7, 7, 7, 8, 8, 8, 8, 9, 9, 9, 9, 10, 10, 10, 10, 11, 11, 11, 11, 12, 12, 12, 12, 13, 13, 13, 13, 14, 14, 14, 14, 15, 15, 15, 15, 16, 16, 16, 16, 17, 17, 17, 17, 18, 18, 18, 18, 19, 19, 19, 19, 20, 20, 20, 20, 21, 21, 21, 21, 22, 22, 22, 22, 23, 23, 23, 23, 24, 24, 24, 24, 25, 25, 25, 25, 26, 26, 26, 26, 27, 27, 27, 27, 28, 28, 28, 28, 29, 29, 29, 29, 30, 30, 30, 30, 31, 31, 31, 31, 32, 32, 32, 32, 33, 33, 33, 33, 34, 34, 34, 34, 35, 35, 35, 35, 36, 36, 36, 36, 37, 37, 37, 37, 38, 38, 38, 38, 39, 39, 39, 39, 40, 40, 40, 40, 41, 41, 41, 41, 42, 42, 42, 42, 43, 43, 43, 43, 44, 44, 44, 44, 45, 45, 45, 45, 46, 46, 46, 46, 47, 47, 47, 47, 48, 48, 48, 48, 49, 49, 49, 49], "class": [0.0, 0.0, 0.0, 0.0, 0.0, 0.0, 0.0, 0.0, 0.0, 0.0, 0.0, 0.0, 0.0, 0.0, 0.0, 0.0, 0.0, 0.0, 0.0, 0.0, 0.0, 0.0, 0.0, 0.0, 0.0, 0.0, 0.0, 0.0, 0.0, 0.0, 0.0, 0.0, 0.0, 0.0, 0.0, 0.0, 0.0, 0.0, 0.0, 0.0, 0.0, 0.0, 0.0, 0.0, 0.0, 0.0, 0.0, 0.0, 0.0, 0.0, 0.0, 0.0, 0.0, 0.0, 0.0, 0.0, 0.0, 0.0, 0.0, 0.0, 0.0, 0.0, 0.0, 0.0, 0.0, 0.0, 0.0, 0.0, 0.0, 0.0, 0.0, 0.0, 0.0, 0.0, 0.0, 0.0, 0.0, 0.0, 0.0, 0.0, 0.0, 0.0, 0.0, 0.0, 0.0, 0.0, 0.0, 0.0, 0.0, 0.0, 0.0, 0.0, 0.0, 0.0, 0.0, 0.0, 0.0, 0.0, 0.0, 0.0, 0.0, 0.0, 0.0, 0.0, 0.0, 0.0, 0.0, 0.0, 0.0, 0.0, 0.0, 0.0, 0.0, 0.0, 0.0, 0.0, 0.0, 0.0, 0.0, 0.0, 0.0, 0.0, 0.0, 0.0, 0.0, 0.0, 0.0, 0.0, 0.0, 0.0, 0.0, 0.0, 0.0, 0.0, 0.0, 0.0, 0.0, 0.0, 0.0, 0.0, 0.0, 0.0, 0.0, 0.0, 0.0, 0.0, 0.0, 0.0, 0.0, 0.0, 0.0, 0.0, 0.0, 0.0, 0.0, 0.0, 0.0, 0.0, 0.0, 0.0, 0.0, 0.0, 0.0, 0.0, 0.0, 0.0, 0.0, 0.0, 0.0, 0.0, 0.0, 0.0, 0.0, 0.0, 0.0, 0.0, 0.0, 0.0, 0.0, 0.0, 0.0, 0.0, 0.0, 0.0, 0.0, 0.0, 0.0, 0.0, 0.0, 0.0, 0.0, 0.0, 0.0, 0.0, 0.0, 0.0, 0.0, 0.0, 0.0, 0.0], "pMSR": [86.53566934469073, 90.02591123491696, 91.15208333333334, 91.76885954833183, 92.03892855645759, 92.17413080679493, 92.23743974141054, 92.32793184096224, 92.4098645266101, 92.47316319284909, 92.35631584437259, 92.46434711192467, 92.53421412046715, 92.66111990626766, 92.48270347321211, 92.58849249449968, 92.56904499937326, 92.59620068192889, 92.76159240780154, 92.59290182081307, 92.65828249909474, 92.6317767677541, 92.75022115726198, 92.66407115147547, 92.71821317815952, 92.74449268595242, 92.60882876864841, 92.81072185652125, 92.81309446662625, 92.84538670758073, 92.8155651137338, 92.77979845748344, 92.96199953972648, 92.88065528592206, 92.95218324184245, 92.90195450399325, 92.94615073329334, 92.89493101672026, 93.02982534456783, 92.95333825928147, 93.01404719578933, 92.98417939768856, 92.98371530705391, 93.03050157526417, 93.01881666120954, 92.98995779767957, 93.0333665442739, 93.05153001504934, 93.08511009040028, 93.09388221681641], "fMSR": [86.93357041646986, 90.2274222576524, 91.37099300407226, 91.86193627989168, 91.98237700911871, 92.31669592843407, 92.31396718934106, 92.44182399799283, 92.44628277875235, 92.58144105716556, 92.5155425526357, 92.58259084906284, 92.5980935645601, 92.68600648070961, 92.6453635176317, 92.69110400156131, 92.66325563238902, 92.7252456274824, 92.75997418139315, 92.72741841644108, 92.75322919062855, 92.74830041013168, 92.83201974392851, 92.75160252500078, 92.7780199089974, 92.80302369935949, 92.73853572200042, 92.84244449249785, 92.8781365381196, 92.87129403557726, 92.86055537925574, 92.93523881839492, 92.98891187047224, 93.00460273934418, 93.02930369729971, 93.00135574553808, 92.95133898044908, 93.00758272699395, 93.0486469139592, 93.0013111644256, 93.0578368293491, 93.06100252041959, 93.04822902248455, 93.08175662010335, 93.09437237888396, 93.08200652483062, 93.10374881901568, 93.12225019000273, 93.1380172464895, 93.1448477388354], "rMSR": [87.33514758216454, 90.4298374153932, 91.59095666736445, 91.95520200962947, 91.92589491312539, 92.45970274230689, 92.39062172911869, 92.55599748796315, 92.48272974670296, 92.68997278626753, 92.67531923801549, 92.70113739445956, 92.66206126578746, 92.71090642662759, 92.80859674830786, 92.79394320005582, 92.75765822343172, 92.85465075709999, 92.75835601144372, 92.86232642523201, 92.84837066499198, 92.86511757728002, 92.91396273812016, 92.83929942083596, 92.83790384481195, 92.86162863722002, 92.86860651734004, 92.87418882143605, 92.94326983462425, 92.89721582583212, 92.90558928197613, 93.09120089316866, 93.01583978787245, 93.12888144581676, 93.1065522294327, 93.10096992533668, 92.95652780685228, 93.12050798967275, 93.06747610076059, 93.04933361244854, 93.10166771334868, 93.13795268997279, 93.11283232154072, 93.13306817388877, 93.17005093852487, 93.1742376665969, 93.1742376665969, 93.19307794292094, 93.19098457888494, 93.19586909496896], "oovMSR": [-1, -1, -1, -1, -1, -1, -1, -1, -1, -1, -1, -1, -1, -1, -1, -1, -1, -1, -1, -1, -1, -1, -1, -1, -1, -1, -1, -1, -1, -1, -1, -1, -1, -1, -1, -1, -1, -1, -1, -1, -1, -1, -1, -1, -1, -1, -1, -1, -1, -1], "pSGW": [86.53566934469073, 90.02591123491696, 91.15208333333334, 91.76885954833183, 92.03892855645759, 92.17413080679493, 92.23743974141054, 92.32793184096224, 92.4098645266101, 92.47316319284909, 92.35631584437259, 92.46434711192467, 92.53421412046715, 92.66111990626766, 92.48270347321211, 92.58849249449968, 92.56904499937326, 92.59620068192889, 92.76159240780154, 92.59290182081307, 92.65828249909474, 92.6317767677541, 92.75022115726198, 92.66407115147547, 92.71821317815952, 92.74449268595242, 92.60882876864841, 92.81072185652125, 92.81309446662625, 92.84538670758073, 92.8155651137338, 92.77979845748344, 92.96199953972648, 92.88065528592206, 92.95218324184245, 92.90195450399325, 92.94615073329334, 92.89493101672026, 93.02982534456783, 92.95333825928147, 93.01404719578933, 92.98417939768856, 92.98371530705391, 93.03050157526417, 93.01881666120954, 92.98995779767957, 93.0333665442739, 93.05153001504934, 93.08511009040028, 93.09388221681641], "fSGW": [86.93357041646986, 90.2274222576524, 91.37099300407226, 91.86193627989168, 91.98237700911871, 92.31669592843407, 92.31396718934106, 92.44182399799283, 92.44628277875235, 92.58144105716556, 92.5155425526357, 92.58259084906284, 92.5980935645601, 92.68600648070961, 92.6453635176317, 92.69110400156131, 92.66325563238902, 92.7252456274824, 92.75997418139315, 92.72741841644108, 92.75322919062855, 92.74830041013168, 92.83201974392851, 92.75160252500078, 92.7780199089974, 92.80302369935949, 92.73853572200042, 92.84244449249785, 92.8781365381196, 92.87129403557726, 92.86055537925574, 92.93523881839492, 92.98891187047224, 93.00460273934418, 93.02930369729971, 93.00135574553808, 92.95133898044908, 93.00758272699395, 93.0486469139592, 93.0013111644256, 93.0578368293491, 93.06100252041959, 93.04822902248455, 93.08175662010335, 93.09437237888396, 93.08200652483062, 93.10374881901568, 93.12225019000273, 93.1380172464895, 93.1448477388354], "rSGW": [87.33514758216454, 90.4298374153932, 91.59095666736445, 91.95520200962947, 91.92589491312539, 92.45970274230689, 92.39062172911869, 92.55599748796315, 92.48272974670296, 92.68997278626753, 92.67531923801549, 92.70113739445956, 92.66206126578746, 92.71090642662759, 92.80859674830786, 92.79394320005582, 92.75765822343172, 92.85465075709999, 92.75835601144372, 92.86232642523201, 92.84837066499198, 92.86511757728002, 92.91396273812016, 92.83929942083596, 92.83790384481195, 92.86162863722002, 92.86860651734004, 92.87418882143605, 92.94326983462425, 92.89721582583212, 92.90558928197613, 93.09120089316866, 93.01583978787245, 93.12888144581676, 93.1065522294327, 93.10096992533668, 92.95652780685228, 93.12050798967275, 93.06747610076059, 93.04933361244854, 93.10166771334868, 93.13795268997279, 93.11283232154072, 93.13306817388877, 93.17005093852487, 93.1742376665969, 93.1742376665969, 93.19307794292094, 93.19098457888494, 93.19586909496896], "oovSGW": [-1, -1, -1, -1, -1, -1, -1, -1, -1, -1, -1, -1, -1, -1, -1, -1, -1, -1, -1, -1, -1, -1, -1, -1, -1, -1, -1, -1, -1, -1, -1, -1, -1, -1, -1, -1, -1, -1, -1, -1, -1, -1, -1, -1, -1, -1, -1, -1, -1, -1],